Source,Target
BRS,ZRH
GVA,LPA
LPA,ZRH
TFS,GVA
ZRH,BRS
ZRH,LPA
AGP,STR
AGP,TXL
AMS,HAM
ARN,CGN
ARN,DUS
ARN,HAM
ATH,CGN
ATH,STR
BCN,CGN
BCN,DUS
BCN,HAM
BCN,STR
BHX,HAM
BHX,TXL
BIO,DUS
BIO,STR
BLQ,CGN
BLQ,TXL
BRU,STR
BSL,DUS
BUD,CGN
BUD,HAM
BUD,STR
CDG,HAM
CGN,ARN
CGN,ATH
CGN,BCN
CGN,BLQ
CGN,BUD
CGN,CTA
CGN,DUB
CGN,EDI
CGN,FAO
CGN,FCO
CGN,HAM
CGN,HER
CGN,IBZ
CGN,LHR
CGN,LIS
CGN,LPA
CGN,MAN
CGN,MXP
CGN,NAP
CGN,NCE
CGN,PMI
CGN,PRG
CGN,PSA
CGN,RHO
CGN,SKG
CGN,STN
CGN,TXL
CGN,VCE
CGN,VIE
CGN,WAW
CGN,ZRH
CTA,CGN
CTA,DUS
CTA,HAM
CTA,STR
CTA,TXL
DUB,CGN
DUB,DUS
DUS,ARN
DUS,BCN
DUS,BIO
DUS,BSL
DUS,CTA
DUS,DUB
DUS,GVA
DUS,HER
DUS,IBZ
DUS,LYS
DUS,MAD
DUS,MXP
DUS,PMI
DUS,PRG
DUS,SKG
DUS,VCE
DUS,WAW
EDI,CGN
FAO,CGN
FAO,HAM
FAO,STR
FCO,CGN
FCO,HAM
FCO,STR
FCO,TXL
GVA,DUS
GVA,HAM
HAM,AMS
HAM,ARN
HAM,BCN
HAM,BHX
HAM,BUD
HAM,CDG
HAM,CGN
HAM,CTA
HAM,FAO
HAM,FCO
HAM,GVA
HAM,HER
HAM,LHR
HAM,MAD
HAM,MAN
HAM,MXP
HAM,NAP
HAM,NCE
HAM,OSL
HAM,PMI
HAM,PRG
HAM,SKG
HAM,STR
HAM,TLS
HAM,VCE
HAM,VIE
HAM,ZRH
HEL,TXL
HER,CGN
HER,DUS
HER,HAM
HER,STR
HER,TXL
IBZ,CGN
IBZ,DUS
IBZ,STR
IBZ,TXL
LHR,CGN
LHR,HAM
LHR,STR
LHR,TXL
LIS,CGN
LIS,STR
LPA,CGN
LYS,DUS
MAD,DUS
MAD,HAM
MAN,CGN
MAN,HAM
MXP,CGN
MXP,DUS
MXP,HAM
MXP,STR
NAP,CGN
NAP,HAM
NAP,STR
NCE,CGN
NCE,HAM
NCE,TXL
OSL,HAM
PMI,CGN
PMI,DUS
PMI,HAM
PMI,STR
PMI,TXL
PRG,CGN
PRG,DUS
PRG,HAM
PSA,CGN
RHO,CGN
SKG,CGN
SKG,DUS
SKG,HAM
SKG,STR
STN,CGN
STN,STR
STR,AGP
STR,ATH
STR,BCN
STR,BIO
STR,BRU
STR,BUD
STR,CTA
STR,FAO
STR,FCO
STR,HAM
STR,HER
STR,IBZ
STR,LHR
STR,LIS
STR,MXP
STR,NAP
STR,PMI
STR,SKG
STR,STN
STR,TXL
STR,VIE
TLS,HAM
TXL,AGP
TXL,BHX
TXL,BLQ
TXL,CGN
TXL,CTA
TXL,FCO
TXL,HEL
TXL,HER
TXL,IBZ
TXL,LHR
TXL,NCE
TXL,PMI
TXL,STR
TXL,VIE
VCE,CGN
VCE,DUS
VCE,HAM
VIE,CGN
VIE,HAM
VIE,STR
VIE,TXL
WAW,CGN
WAW,DUS
ZRH,CGN
ZRH,HAM
RIX,TFS
TFS,RIX
ARN,SKG
ATH,BCN
ATH,BRU
ATH,BUD
ATH,CDG
ATH,DUS
ATH,FCO
ATH,FRA
ATH,GVA
ATH,HER
ATH,LHR
ATH,LYS
ATH,MAD
ATH,MAN
ATH,MRS
ATH,MUC
ATH,MXP
ATH,NTE
ATH,OSL
ATH,PRG
ATH,RHO
ATH,SKG
ATH,TXL
ATH,VIE
ATH,WAW
BCN,ATH
BRU,ATH
BRU,HER
BUD,ATH
CDG,ATH
CDG,HER
CDG,RHO
CDG,SKG
CPH,SKG
DUS,ATH
FCO,ATH
FRA,ATH
FRA,HER
FRA,SKG
GVA,ATH
GVA,OPO
HER,ATH
HER,BRU
HER,CDG
HER,FRA
HER,MRS
HER,MUC
HER,RHO
HER,SKG
HER,VIE
LHR,ATH
LYS,ATH
MAD,ATH
MAN,ATH
MRS,ATH
MRS,HER
MUC,ATH
MUC,HER
MUC,SKG
MXP,ATH
NTE,ATH
OSL,ATH
PRG,ATH
RHO,ATH
RHO,CDG
RHO,HER
RHO,SKG
SKG,ARN
SKG,ATH
SKG,CDG
SKG,CPH
SKG,FRA
SKG,HER
SKG,MUC
SKG,RHO
TXL,ATH
VIE,ATH
VIE,HER
WAW,ATH
ZRH,LIS
BLQ,LYS
BRU,LYS
BRU,NTE
DUS,NTE
FCO,LYS
LYS,BLQ
LYS,BRU
LYS,FCO
LYS,MRS
LYS,MXP
LYS,NTE
LYS,PRG
LYS,VCE
MRS,LYS
MRS,TLS
MXP,LYS
MXP,NTE
NCE,TLS
NTE,BRU
NTE,DUS
NTE,LYS
NTE,MXP
NTE,TLS
PRG,LYS
TLS,MRS
TLS,NCE
TLS,NTE
VCE,LYS
AGP,LHR
AMS,LHR
ARN,LHR
BCN,LHR
BLQ,LHR
BRU,LHR
BSL,LHR
BUD,LHR
CDG,LHR
CPH,LHR
DUB,LHR
DUS,LHR
EDI,LHR
FCO,LHR
FRA,LHR
GLA,LHR
GVA,LHR
HEL,LHR
HEL,MAN
LBA,LHR
LHR,AGP
LHR,AMS
LHR,ARN
LHR,BCN
LHR,BLQ
LHR,BRU
LHR,BSL
LHR,BUD
LHR,CDG
LHR,CPH
LHR,DUB
LHR,DUS
LHR,EDI
LHR,FCO
LHR,FRA
LHR,GLA
LHR,GVA
LHR,HEL
LHR,LBA
LHR,LIS
LHR,LYS
LHR,MAN
LHR,MRS
LHR,MUC
LHR,MXP
LHR,NCE
LHR,NCL
LHR,OSL
LHR,PRG
LHR,PSA
LHR,TLS
LHR,VCE
LHR,VIE
LHR,WAW
LHR,ZRH
LIS,LHR
LPA,MAD
LYS,LHR
MAN,HEL
MAN,LHR
MRS,LHR
MUC,LHR
MXP,LHR
NCE,LHR
NCL,LHR
OSL,LHR
PRG,LHR
PSA,LHR
TLS,LHR
VCE,LHR
VIE,LHR
WAW,LHR
ZRH,LHR
ACE,CGN
ACE,DUS
ACE,FUE
ACE,HAM
ACE,MUC
ACE,TXL
ACE,ZRH
AGP,CGN
AGP,DUS
AGP,HAM
AGP,MUC
AGP,PMI
AGP,VIE
ALC,DUS
ALC,FRA
ALC,HAM
ALC,MUC
ALC,PMI
ALC,STR
ALC,TXL
ALC,ZRH
ARN,TXL
ARN,VIE
BCN,TXL
BCN,VIE
BIO,PMI
BSL,CTA
BSL,HER
BSL,IBZ
BSL,LPA
BSL,PMI
BSL,TFS
BUD,TXL
CDG,VIE
CGN,ACE
CGN,AGP
CGN,FUE
CGN,MUC
CGN,TFS
CPH,DUS
CPH,PMI
CPH,TXL
CPH,VIE
CTA,BSL
CTA,FRA
CTA,MUC
CTA,ZRH
DUS,ACE
DUS,AGP
DUS,ALC
DUS,CPH
DUS,FAO
DUS,FCO
DUS,FUE
DUS,HAM
DUS,HEL
DUS,LPA
DUS,MUC
DUS,NAP
DUS,NCE
DUS,RHO
DUS,RIX
DUS,STN
DUS,STR
DUS,TFS
DUS,TXL
DUS,VIE
DUS,ZRH
FAO,DUS
FAO,MUC
FAO,PMI
FAO,TXL
FCO,DUS
FCO,VIE
FRA,ALC
FRA,CTA
FRA,HEL
FRA,IBZ
FRA,MAD
FRA,PMI
FRA,RIX
FRA,TXL
FRA,VIE
FUE,CGN
FUE,DUS
FUE,HAM
FUE,MUC
FUE,TXL
FUE,VIE
FUE,ZRH
GVA,MAD
HAM,ACE
HAM,AGP
HAM,ALC
HAM,DUS
HAM,FUE
HAM,HEL
HAM,IBZ
HAM,LPA
HAM,MUC
HAM,RIX
HAM,TFS
HEL,DUS
HEL,FRA
HEL,HAM
HEL,MUC
HEL,VIE
HEL,ZRH
HER,BSL
HER,ZRH
IBZ,BSL
IBZ,FRA
IBZ,HAM
IBZ,MUC
IBZ,PMI
IBZ,ZRH
LHR,ORY
LPA,BSL
LPA,DUS
LPA,HAM
LPA,MUC
LPA,TXL
LPA,VIE
MAD,FRA
MAD,GVA
MAD,MUC
MAD,TXL
MAD,VIE
MAD,ZRH
MUC,ACE
MUC,AGP
MUC,ALC
MUC,CGN
MUC,CTA
MUC,DUS
MUC,FAO
MUC,FUE
MUC,HAM
MUC,HEL
MUC,IBZ
MUC,LPA
MUC,MAD
MUC,NAP
MUC,PMI
MUC,RHO
MUC,RIX
MUC,TFS
MUC,TXL
MUC,VIE
MXP,TXL
MXP,VIE
NAP,DUS
NAP,MUC
NAP,TXL
NAP,ZRH
NCE,DUS
NCE,VIE
ORY,LHR
ORY,TXL
OSL,TXL
PMI,AGP
PMI,ALC
PMI,BIO
PMI,BSL
PMI,CPH
PMI,FAO
PMI,FRA
PMI,IBZ
PMI,MUC
PMI,SVQ
PMI,VIE
PMI,VLC
PMI,ZRH
RHO,DUS
RHO,MUC
RHO,TXL
RHO,VIE
RIX,DUS
RIX,FRA
RIX,HAM
RIX,MUC
RIX,TXL
SKG,TXL
SKG,VIE
STN,DUS
STR,ALC
STR,DUS
STR,VCE
SVQ,PMI
TFS,BSL
TFS,CGN
TFS,DUS
TFS,HAM
TFS,MUC
TFS,TXL
TFS,VIE
TFS,ZRH
TXL,ACE
TXL,ALC
TXL,ARN
TXL,BCN
TXL,BUD
TXL,CPH
TXL,DUS
TXL,FAO
TXL,FRA
TXL,FUE
TXL,LPA
TXL,MAD
TXL,MUC
TXL,MXP
TXL,NAP
TXL,ORY
TXL,OSL
TXL,RHO
TXL,RIX
TXL,SKG
TXL,TFS
TXL,VCE
TXL,WAW
TXL,ZRH
VCE,STR
VCE,TXL
VIE,ACE
VIE,AGP
VIE,ARN
VIE,BCN
VIE,CDG
VIE,CPH
VIE,DUS
VIE,FCO
VIE,FRA
VIE,HEL
VIE,LPA
VIE,MAD
VIE,MUC
VIE,MXP
VIE,NCE
VIE,PMI
VIE,RHO
VIE,SKG
VIE,TFS
VIE,VLC
VIE,ZRH
VLC,PMI
VLC,VIE
WAW,TXL
ZRH,ACE
ZRH,ALC
ZRH,CTA
ZRH,DUS
ZRH,FUE
ZRH,HEL
ZRH,HER
ZRH,IBZ
ZRH,MAD
ZRH,NAP
ZRH,PMI
ZRH,TFS
ZRH,TXL
ZRH,VIE
AMS,CPH
CPH,AMS
CPH,OSL
CPH,VNO
CPH,WAW
FRA,NAP
FRA,VLC
FRA,VNO
NAP,FRA
VLC,FRA
VNO,CPH
VNO,FRA
WAW,CPH
AGP,CDG
AMS,BSL
AMS,CDG
AMS,LYS
AMS,MRS
AMS,NCE
AMS,NTE
AMS,TLS
ARN,CDG
ATH,TLS
BCN,CDG
BHX,CDG
BHX,LYS
BIO,CDG
BLQ,CDG
BSL,AMS
BSL,CDG
BUD,CDG
CDG,AGP
CDG,AMS
CDG,ARN
CDG,BCN
CDG,BHX
CDG,BIO
CDG,BLQ
CDG,BSL
CDG,BUD
CDG,CPH
CDG,DUB
CDG,DUS
CDG,EDI
CDG,FCO
CDG,FRA
CDG,GVA
CDG,HEL
CDG,LIS
CDG,LYS
CDG,MAD
CDG,MAN
CDG,MRS
CDG,MUC
CDG,NAP
CDG,NCE
CDG,NCL
CDG,NTE
CDG,OSL
CDG,PRG
CDG,RIX
CDG,STR
CDG,TLS
CDG,TXL
CDG,VCE
CDG,VLC
CDG,WAW
CDG,ZRH
CPH,CDG
DUB,CDG
DUS,CDG
EDI,CDG
FCO,CDG
FCO,MRS
FCO,NCE
FCO,TLS
FRA,CDG
GVA,CDG
HEL,CDG
LIS,CDG
LYS,AMS
LYS,BHX
LYS,CDG
LYS,NCE
LYS,ORY
LYS,TLS
LYS,VIE
MAD,CDG
MAD,ORY
MAN,CDG
MAN,NTE
MRS,AMS
MRS,CDG
MRS,FCO
MRS,MXP
MRS,NTE
MRS,ORY
MRS,PRG
MRS,TXL
MRS,VCE
MUC,CDG
MXP,MRS
NAP,CDG
NCE,AMS
NCE,CDG
NCE,FCO
NCE,LYS
NCE,NTE
NCE,ORY
NCE,VCE
NCL,CDG
NTE,AMS
NTE,CDG
NTE,MAN
NTE,MRS
NTE,NCE
NTE,ORY
ORY,LYS
ORY,MAD
ORY,MRS
ORY,NCE
ORY,NTE
ORY,PMI
ORY,TLS
OSL,CDG
PMI,ORY
PRG,CDG
PRG,MRS
RIX,CDG
STR,CDG
SVQ,TLS
TLS,AMS
TLS,ATH
TLS,CDG
TLS,FCO
TLS,LYS
TLS,ORY
TLS,SVQ
TLS,VCE
TXL,CDG
TXL,MRS
VCE,CDG
VCE,MRS
VCE,NCE
VCE,TLS
VIE,LYS
VLC,CDG
WAW,CDG
ZRH,CDG
BRU,MAD
MAD,BRU
AMS,CTA
ATH,VCE
BLQ,CTA
CDG,CTA
CPH,VCE
CTA,AMS
CTA,BLQ
CTA,CDG
CTA,LGW
CTA,LYS
CTA,MXP
CTA,PSA
CTA,VCE
CTA,VIE
LGW,CTA
LYS,CTA
MXP,CTA
PRG,PSA
PRG,VCE
PSA,CTA
PSA,PRG
PSA,TXL
TXL,PSA
VCE,ATH
VCE,CPH
VCE,CTA
VCE,PRG
VIE,CTA
AGP,HEL
AMS,HEL
AMS,LIS
AMS,OPO
ARN,HEL
BCN,HEL
BRU,HEL
BRU,LIS
BUD,HEL
CPH,HEL
FCO,HEL
GVA,HEL
GVA,LIS
HEL,AGP
HEL,AMS
HEL,ARN
HEL,BCN
HEL,BRU
HEL,BUD
HEL,CPH
HEL,FCO
HEL,GVA
HEL,LIS
HEL,MAD
HEL,MXP
HEL,NCE
HEL,OSL
HEL,PRG
HEL,RIX
HEL,VNO
HEL,WAW
LIS,AMS
LIS,BRU
LIS,GVA
LIS,HEL
LIS,ZRH
MAD,HEL
MAD,VLC
MXP,HEL
NCE,HEL
OPO,ZRH
OSL,HEL
PRG,HEL
RIX,HEL
VLC,MAD
VNO,HEL
WAW,HEL
AGP,FCO
AMS,ARN
AMS,BLQ
AMS,BRS
AMS,CGN
AMS,DUS
AMS,FCO
AMS,GLA
AMS,LBA
AMS,TXL
AMS,VCE
ARN,AMS
BCN,FCO
BCN,PMI
BIO,FCO
BLQ,AMS
BLQ,FCO
BLQ,LIS
BRS,AMS
BRU,FCO
BUD,FCO
CGN,AMS
CPH,FCO
CTA,FCO
CTA,NAP
DUS,AMS
FCO,AGP
FCO,AMS
FCO,BCN
FCO,BIO
FCO,BLQ
FCO,BRU
FCO,BUD
FCO,CPH
FCO,CTA
FCO,FRA
FCO,GVA
FCO,LIS
FCO,MAD
FCO,MUC
FCO,MXP
FCO,NAP
FCO,OPO
FCO,PRG
FCO,PSA
FCO,RIX
FCO,SKG
FCO,VCE
FCO,VLC
FCO,WAW
FCO,ZRH
FRA,FCO
GLA,AMS
GVA,FCO
IBZ,MAD
LBA,AMS
LIS,BLQ
LIS,FCO
LIS,MXP
LIS,VCE
MAD,FCO
MAD,FUE
MAD,IBZ
MAD,LPA
MAD,PMI
MUC,FCO
MXP,FCO
MXP,LIS
MXP,OPO
MXP,RIX
NAP,CTA
NAP,FCO
OPO,FCO
OPO,MXP
PMI,BCN
PMI,MAD
PRG,FCO
PSA,FCO
RIX,FCO
RIX,MXP
RIX,VCE
SKG,FCO
TXL,AMS
VCE,AMS
VCE,FCO
VCE,LIS
VCE,RIX
VLC,FCO
WAW,FCO
ZRH,FCO
ACE,LGW
AGP,LGW
ALC,LGW
AMS,LGW
BCN,LGW
EDI,LGW
FAO,LGW
FAO,LHR
FCO,LGW
GLA,LGW
IBZ,LHR
LGW,ACE
LGW,AGP
LGW,ALC
LGW,AMS
LGW,BCN
LGW,EDI
LGW,FAO
LGW,FCO
LGW,GLA
LGW,NAP
LGW,NCE
LGW,PSA
LGW,SKG
LGW,TFS
LGW,VCE
LHR,FAO
LHR,IBZ
LHR,MAD
LHR,OPO
LHR,PMI
MAD,LHR
NAP,LGW
NCE,LGW
OPO,LHR
PMI,LHR
PSA,LGW
SKG,LGW
TFS,LGW
VCE,LGW
ALC,BHX
AMS,BHX
AMS,EMA
BHX,ALC
BHX,AMS
BHX,CGN
BHX,DUS
BHX,EDI
BHX,GLA
BHX,MXP
BHX,OPO
BHX,STR
CGN,BHX
DUS,BHX
DUS,MAN
EDI,BHX
EDI,EMA
EDI,MAN
EMA,AMS
EMA,EDI
EMA,GLA
GLA,BHX
GLA,EMA
GLA,LBA
GLA,MAN
LBA,GLA
MAN,DUS
MAN,EDI
MAN,GLA
MAN,MXP
MXP,BHX
MXP,MAN
OPO,BHX
STR,BHX
BRS,FRA
BRS,HAM
BRS,MUC
BRS,MXP
BRU,EMA
BRU,NCL
EMA,BRU
FRA,BRS
HAM,BRS
MUC,BRS
MXP,BRS
NCL,BRU
AMS,RIX
ARN,RIX
ATH,RIX
BCN,RIX
BRU,RIX
BRU,VNO
BUD,RIX
CPH,RIX
LGW,RIX
NCE,RIX
OSL,RIX
PRG,RIX
RIX,AMS
RIX,ARN
RIX,ATH
RIX,BCN
RIX,BRU
RIX,BUD
RIX,CPH
RIX,LGW
RIX,NCE
RIX,OSL
RIX,PRG
RIX,VIE
RIX,VNO
RIX,WAW
RIX,ZRH
VIE,RIX
VNO,BRU
VNO,RIX
WAW,RIX
ZRH,RIX
ARN,GVA
CPH,FRA
CPH,GVA
FRA,CPH
GVA,ARN
GVA,CPH
AMS,MAN
MUC,FRA
ACE,BHX
ACE,FRA
ACE,GLA
ACE,MAN
ACE,STR
BHX,ACE
FRA,ACE
FRA,FUE
FRA,LPA
FRA,RHO
FRA,TFS
FUE,FRA
FUE,MAN
FUE,STR
GLA,ACE
HAM,RHO
IBZ,MAN
LPA,FRA
LPA,STR
MAN,ACE
MAN,FUE
MAN,IBZ
MAN,PMI
MAN,TFS
PMI,MAN
RHO,FRA
RHO,HAM
RHO,STR
STR,ACE
STR,FUE
STR,LPA
STR,RHO
STR,TFS
TFS,FRA
TFS,STR
AGP,ARN
AGP,CPH
AGP,OSL
AGP,WAW
ALC,ARN
ALC,CGN
ALC,CPH
ALC,HEL
ALC,OSL
AMS,OSL
ARN,AGP
ARN,ALC
ARN,ATH
ARN,BCN
ARN,BUD
ARN,CPH
ARN,CTA
ARN,EDI
ARN,FAO
ARN,FCO
ARN,LGW
ARN,LPA
ARN,MAN
ARN,MUC
ARN,NCE
ARN,ORY
ARN,OSL
ARN,PMI
ARN,PRG
ARN,PSA
ARN,VCE
ARN,VNO
ATH,ARN
ATH,CPH
ATH,HEL
BCN,ARN
BCN,CPH
BCN,OSL
BCN,WAW
BIO,OSL
BUD,ARN
BUD,CPH
BUD,LGW
BUD,OSL
CGN,ALC
CGN,OSL
CPH,AGP
CPH,ALC
CPH,ARN
CPH,ATH
CPH,BCN
CPH,BUD
CPH,CTA
CPH,DUB
CPH,EDI
CPH,FAO
CPH,LGW
CPH,LIS
CPH,LPA
CPH,MAD
CPH,NCE
CPH,ORY
CPH,PRG
CPH,PSA
CTA,ARN
CTA,CPH
DUB,CPH
DUB,HEL
DUB,OSL
EDI,ARN
EDI,CPH
EDI,OSL
FAO,ARN
FAO,CPH
FAO,OSL
FCO,ARN
FCO,OSL
FUE,LGW
GVA,OSL
HEL,ALC
HEL,ATH
HEL,DUB
HEL,LGW
HEL,ORY
HEL,PMI
IBZ,LGW
LGW,ARN
LGW,BUD
LGW,CPH
LGW,FUE
LGW,HEL
LGW,IBZ
LGW,LPA
LGW,OSL
LGW,PMI
LIS,CPH
LIS,OSL
LPA,ARN
LPA,CPH
LPA,LGW
LPA,OSL
MAD,CPH
MAN,ARN
MAN,OSL
MUC,ARN
MUC,OSL
MXP,OSL
NCE,ARN
NCE,CPH
NCE,OSL
ORY,ARN
ORY,CPH
ORY,HEL
ORY,OSL
OSL,AGP
OSL,ALC
OSL,AMS
OSL,ARN
OSL,BCN
OSL,BIO
OSL,BUD
OSL,CGN
OSL,CPH
OSL,DUB
OSL,EDI
OSL,FAO
OSL,FCO
OSL,GVA
OSL,LGW
OSL,LIS
OSL,LPA
OSL,MAN
OSL,MUC
OSL,MXP
OSL,NCE
OSL,ORY
OSL,PMI
OSL,PRG
OSL,PSA
OSL,TFS
OSL,VCE
OSL,VIE
OSL,VNO
OSL,WAW
PMI,ARN
PMI,HEL
PMI,LGW
PMI,OSL
PRG,ARN
PRG,CPH
PRG,OSL
PSA,ARN
PSA,CPH
PSA,OSL
TFS,OSL
VCE,ARN
VCE,OSL
VIE,OSL
VNO,ARN
VNO,OSL
WAW,AGP
WAW,BCN
WAW,OSL
MAD,BCN
ACE,DUB
AGP,DUB
ALC,DUB
AMS,DUB
ARN,DUB
ATH,DUB
BCN,DUB
BHX,DUB
BIO,DUB
BLQ,DUB
BRS,DUB
BRU,DUB
BUD,DUB
CTA,DUB
DUB,ACE
DUB,AGP
DUB,ALC
DUB,AMS
DUB,ARN
DUB,ATH
DUB,BCN
DUB,BHX
DUB,BIO
DUB,BLQ
DUB,BRS
DUB,BRU
DUB,BUD
DUB,CTA
DUB,EDI
DUB,FAO
DUB,FCO
DUB,FRA
DUB,FUE
DUB,GLA
DUB,GVA
DUB,HAM
DUB,IBZ
DUB,LGW
DUB,LIS
DUB,LPA
DUB,LYS
DUB,MAD
DUB,MAN
DUB,MRS
DUB,MUC
DUB,MXP
DUB,NAP
DUB,NCE
DUB,NCL
DUB,PMI
DUB,PRG
DUB,STR
DUB,TFS
DUB,TLS
DUB,VCE
DUB,VIE
DUB,WAW
DUB,ZRH
EDI,DUB
FAO,DUB
FCO,DUB
FRA,DUB
FUE,DUB
GLA,DUB
GVA,DUB
HAM,DUB
IBZ,DUB
LGW,DUB
LIS,DUB
LPA,DUB
LYS,DUB
MAD,DUB
MAN,DUB
MRS,DUB
MUC,DUB
MXP,DUB
NAP,DUB
NCE,DUB
NCL,DUB
PMI,DUB
PRG,DUB
STR,DUB
TFS,DUB
TLS,DUB
VCE,DUB
VIE,DUB
WAW,DUB
ZRH,DUB
MUC,VCE
VCE,MUC
AMS,FRA
ARN,FRA
BCN,FRA
BRU,CDG
BRU,FRA
BUD,FRA
CDG,BRU
DUS,FRA
FRA,AMS
FRA,ARN
FRA,BCN
FRA,BRU
FRA,BUD
FRA,DUS
FRA,GVA
FRA,LIS
FRA,LYS
FRA,MRS
FRA,MUC
FRA,MXP
FRA,OSL
FRA,PRG
FRA,TLS
FRA,WAW
FRA,ZRH
GVA,FRA
LIS,FRA
LYS,FRA
MRS,FRA
MXP,FRA
OSL,FRA
PRG,FRA
TLS,FRA
WAW,FRA
ZRH,FRA
LIS,AGP
OPO,AMS
GVA,STR
GVA,TLS
GVA,VLC
GVA,ZRH
STR,GVA
TLS,GVA
VLC,GVA
ZRH,GVA
ACE,BCN
ACE,BGY
ACE,BLQ
ACE,BRS
ACE,CRL
ACE,EDI
ACE,EMA
ACE,LBA
ACE,LTN
ACE,MAD
ACE,STN
ACE,SVQ
AGP,BCN
AGP,BGY
AGP,BHX
AGP,BLQ
AGP,BRS
AGP,BRU
AGP,CRL
AGP,EDI
AGP,EMA
AGP,IBZ
AGP,LBA
AGP,MAN
AGP,MRS
AGP,STN
ALC,BGY
ALC,BLQ
ALC,BRS
ALC,BRU
ALC,CRL
ALC,EDI
ALC,EMA
ALC,LBA
ALC,MAN
ALC,STN
ATH,BGY
ATH,STN
BCN,ACE
BCN,AGP
BCN,BGY
BCN,BHX
BCN,BLQ
BCN,BRU
BCN,BUD
BCN,CRL
BCN,EDI
BCN,EMA
BCN,FUE
BCN,IBZ
BCN,LPA
BCN,MAN
BCN,OPO
BCN,STN
BCN,SVQ
BCN,TFS
BCN,VNO
BGY,ACE
BGY,AGP
BGY,ALC
BGY,ATH
BGY,BCN
BGY,BRS
BGY,BUD
BGY,CRL
BGY,CTA
BGY,DUB
BGY,EMA
BGY,FUE
BGY,IBZ
BGY,LBA
BGY,LPA
BGY,MAD
BGY,MAN
BGY,OPO
BGY,PMI
BGY,RHO
BGY,RIX
BGY,SKG
BGY,STN
BGY,SVQ
BGY,TFS
BGY,VLC
BGY,VNO
BHX,AGP
BHX,BCN
BHX,FAO
BHX,FUE
BHX,IBZ
BHX,LPA
BHX,PMI
BHX,TFS
BLQ,ACE
BLQ,AGP
BLQ,ALC
BLQ,BCN
BLQ,BRS
BLQ,CRL
BLQ,EDI
BLQ,IBZ
BLQ,MAD
BLQ,MAN
BLQ,OPO
BLQ,PMI
BLQ,STN
BLQ,SVQ
BLQ,TFS
BLQ,VLC
BRS,ACE
BRS,AGP
BRS,ALC
BRS,BGY
BRS,BLQ
BRS,BUD
BRS,FAO
BRS,IBZ
BRS,LPA
BRS,PMI
BRS,TFS
BRS,VLC
BRU,AGP
BRU,ALC
BRU,BCN
BRU,OPO
BRU,PMI
BRU,VLC
BSL,DUB
BSL,STN
BUD,BCN
BUD,BGY
BUD,BRS
BUD,CRL
BUD,MAD
BUD,MAN
BUD,PSA
BUD,STN
CRL,ACE
CRL,AGP
CRL,ALC
CRL,BCN
CRL,BGY
CRL,BLQ
CRL,BUD
CRL,DUB
CRL,EDI
CRL,FAO
CRL,FUE
CRL,IBZ
CRL,LPA
CRL,MAD
CRL,MAN
CRL,MRS
CRL,OPO
CRL,PMI
CRL,PSA
CRL,RHO
CRL,SKG
CRL,SVQ
CRL,TFS
CRL,VLC
CRL,VNO
CTA,BGY
CTA,MAD
CTA,MRS
DUB,BGY
DUB,BSL
DUB,CRL
DUB,EMA
DUB,LBA
DUB,LTN
DUB,NTE
DUB,OPO
DUB,PSA
DUB,RIX
DUB,STN
DUB,SVQ
DUB,VLC
DUB,VNO
EDI,ACE
EDI,AGP
EDI,ALC
EDI,BCN
EDI,BLQ
EDI,CRL
EDI,FAO
EDI,FUE
EDI,LPA
EDI,MRS
EDI,PMI
EDI,PSA
EDI,TFS
EMA,ACE
EMA,AGP
EMA,ALC
EMA,BCN
EMA,BGY
EMA,DUB
EMA,FAO
EMA,FUE
EMA,IBZ
EMA,LPA
EMA,PMI
EMA,PSA
EMA,RHO
EMA,RIX
EMA,TFS
EMA,VLC
FAO,BHX
FAO,BRS
FAO,CRL
FAO,EDI
FAO,EMA
FAO,LBA
FAO,LIS
FAO,MAN
FAO,OPO
FAO,STN
FUE,BCN
FUE,BGY
FUE,BHX
FUE,CRL
FUE,EDI
FUE,EMA
FUE,LBA
FUE,LTN
FUE,MAD
FUE,PSA
FUE,STN
IBZ,AGP
IBZ,BCN
IBZ,BGY
IBZ,BHX
IBZ,BLQ
IBZ,BRS
IBZ,CRL
IBZ,EMA
IBZ,LBA
IBZ,MRS
IBZ,PSA
IBZ,STN
IBZ,VLC
LBA,ACE
LBA,AGP
LBA,ALC
LBA,BGY
LBA,DUB
LBA,FAO
LBA,FUE
LBA,IBZ
LBA,PMI
LBA,PSA
LBA,TFS
LGW,SVQ
LIS,FAO
LIS,MAN
LIS,MRS
LIS,OPO
LIS,PSA
LIS,STN
LPA,BCN
LPA,BGY
LPA,BHX
LPA,BRS
LPA,CRL
LPA,EDI
LPA,EMA
LPA,LTN
LPA,MAN
LPA,OPO
LPA,PSA
LPA,STN
LPA,SVQ
LPA,VLC
LTN,ACE
LTN,DUB
LTN,FUE
LTN,LPA
LTN,TFS
MAD,ACE
MAD,BGY
MAD,BLQ
MAD,BUD
MAD,CRL
MAD,CTA
MAD,MAN
MAD,MRS
MAD,OPO
MAD,PSA
MAD,STN
MAD,TFS
MAN,AGP
MAN,ALC
MAN,BCN
MAN,BGY
MAN,BLQ
MAN,BUD
MAN,CRL
MAN,FAO
MAN,LIS
MAN,LPA
MAN,MAD
MAN,RIX
MAN,VLC
MRS,AGP
MRS,CRL
MRS,CTA
MRS,EDI
MRS,IBZ
MRS,LIS
MRS,MAD
MRS,OPO
MRS,PMI
MRS,STN
MRS,SVQ
MRS,VLC
NTE,DUB
OPO,BCN
OPO,BGY
OPO,BLQ
OPO,BRU
OPO,CRL
OPO,DUB
OPO,FAO
OPO,LIS
OPO,LPA
OPO,MAD
OPO,MRS
OPO,PMI
OPO,STN
OPO,TFS
OPO,VLC
PMI,BGY
PMI,BHX
PMI,BLQ
PMI,BRS
PMI,BRU
PMI,CRL
PMI,EDI
PMI,EMA
PMI,LBA
PMI,MRS
PMI,OPO
PMI,STN
PRG,STN
PSA,BUD
PSA,CRL
PSA,DUB
PSA,EDI
PSA,EMA
PSA,FUE
PSA,IBZ
PSA,LBA
PSA,LIS
PSA,LPA
PSA,MAD
PSA,SKG
PSA,STN
PSA,SVQ
PSA,TFS
PSA,VLC
RHO,BGY
RHO,CRL
RHO,EMA
RHO,STN
RIX,BGY
RIX,DUB
RIX,EMA
RIX,MAN
RIX,STN
SKG,BGY
SKG,CRL
SKG,PSA
SKG,STN
STN,ACE
STN,AGP
STN,ALC
STN,ATH
STN,BCN
STN,BGY
STN,BLQ
STN,BSL
STN,BUD
STN,DUB
STN,FAO
STN,FUE
STN,IBZ
STN,LIS
STN,LPA
STN,MAD
STN,MRS
STN,OPO
STN,PMI
STN,PRG
STN,PSA
STN,RHO
STN,RIX
STN,SKG
STN,SVQ
STN,TFS
STN,VLC
STN,VNO
SVQ,ACE
SVQ,BCN
SVQ,BGY
SVQ,BLQ
SVQ,CRL
SVQ,DUB
SVQ,LGW
SVQ,LPA
SVQ,MRS
SVQ,PSA
SVQ,STN
SVQ,TFS
TFS,BCN
TFS,BGY
TFS,BHX
TFS,BLQ
TFS,BRS
TFS,CRL
TFS,EDI
TFS,EMA
TFS,LBA
TFS,LTN
TFS,MAD
TFS,MAN
TFS,OPO
TFS,PSA
TFS,STN
TFS,SVQ
TFS,VLC
VLC,BGY
VLC,BLQ
VLC,BRS
VLC,BRU
VLC,CRL
VLC,DUB
VLC,EMA
VLC,IBZ
VLC,LPA
VLC,MAN
VLC,MRS
VLC,OPO
VLC,PSA
VLC,STN
VLC,TFS
VNO,BCN
VNO,BGY
VNO,CRL
VNO,DUB
VNO,STN
BRU,ACE
BRU,IBZ
BRU,LPA
BRU,RHO
BRU,TFS
FAO,AGP
FUE,BRU
FUE,TFS
IBZ,BRU
LPA,BRU
RHO,BRU
TFS,BRU
BIO,BRU
BRU,BIO
BRU,CPH
BRU,GVA
BRU,MXP
BRU,TXL
CPH,BRU
GVA,BRU
MXP,BRU
TXL,BRU
ACE,AMS
AGP,AMS
ALC,AMS
AMS,ACE
AMS,AGP
AMS,ALC
AMS,ATH
AMS,BCN
AMS,FAO
AMS,FUE
AMS,HER
AMS,IBZ
AMS,LPA
AMS,NAP
AMS,PMI
AMS,PSA
AMS,RHO
AMS,SKG
AMS,SVQ
AMS,TFS
AMS,VLC
ATH,AMS
BCN,AMS
FAO,AMS
FUE,ACE
FUE,AMS
HER,AMS
IBZ,AMS
LPA,ACE
LPA,AMS
NAP,AMS
PMI,AMS
PSA,AMS
RHO,AMS
SKG,AMS
SVQ,AMS
TFS,AMS
TFS,LPA
VLC,AMS
ACE,BIO
AGP,BIO
AGP,LPA
AGP,LYS
AGP,MAD
AGP,NTE
AGP,ORY
AGP,TLS
AGP,VLC
ALC,BCN
ALC,BIO
ALC,FCO
ALC,IBZ
ALC,LPA
ALC,MAD
ALC,ORY
AMS,BIO
ARN,MAD
BCN,ALC
BCN,BIO
BCN,CTA
BCN,LIS
BCN,LYS
BCN,MAD
BCN,MRS
BCN,MUC
BCN,MXP
BCN,NAP
BCN,NCE
BCN,NTE
BCN,ORY
BCN,PRG
BCN,PSA
BCN,TLS
BCN,VCE
BCN,ZRH
BIO,ACE
BIO,AGP
BIO,ALC
BIO,AMS
BIO,BCN
BIO,FUE
BIO,IBZ
BIO,LHR
BIO,LPA
BIO,MAD
BIO,MXP
BIO,ORY
BIO,SVQ
BIO,TXL
BIO,VLC
BLQ,ORY
BRU,VCE
CTA,BCN
FCO,ALC
FCO,NTE
FCO,ORY
FUE,BIO
IBZ,ALC
IBZ,BIO
IBZ,ORY
LHR,BIO
LIS,BCN
LIS,MAD
LIS,ORY
LPA,AGP
LPA,ALC
LPA,BIO
LPA,ORY
LYS,AGP
LYS,BCN
LYS,MAD
LYS,PMI
LYS,SVQ
MAD,AGP
MAD,ALC
MAD,ARN
MAD,BIO
MAD,LIS
MAD,LYS
MAD,MXP
MAD,NCE
MAD,NTE
MAD,PRG
MAD,SVQ
MAD,TLS
MAD,VCE
MRS,BCN
MUC,BCN
MXP,BCN
MXP,BIO
MXP,MAD
NAP,BCN
NCE,BCN
NCE,MAD
NTE,AGP
NTE,BCN
NTE,FCO
NTE,MAD
NTE,SVQ
OPO,ORY
ORY,AGP
ORY,ALC
ORY,BCN
ORY,BIO
ORY,BLQ
ORY,FCO
ORY,IBZ
ORY,LIS
ORY,LPA
ORY,OPO
ORY,SVQ
ORY,TFS
ORY,VLC
PMI,LYS
PMI,TLS
PRG,BCN
PRG,MAD
PSA,BCN
SVQ,BIO
SVQ,LYS
SVQ,MAD
SVQ,NTE
SVQ,ORY
SVQ,VLC
TFS,ORY
TLS,AGP
TLS,BCN
TLS,MAD
TLS,PMI
TXL,BIO
VCE,BCN
VCE,BRU
VCE,MAD
VLC,AGP
VLC,BIO
VLC,ORY
VLC,SVQ
ZRH,BCN
FCO,FUE
FUE,FCO
FUE,MXP
MXP,FUE
MXP,TFS
NAP,VCE
TFS,FCO
TFS,MXP
VCE,NAP
AMS,BRU
AMS,BUD
AMS,EDI
AMS,GVA
AMS,MAD
AMS,MUC
AMS,NCL
AMS,PRG
AMS,STR
AMS,VIE
AMS,WAW
AMS,ZRH
BRU,AMS
BUD,AMS
EDI,AMS
GVA,AMS
MAD,AMS
MAN,AMS
MUC,AMS
NCL,AMS
PRG,AMS
STR,AMS
VIE,AMS
WAW,AMS
ZRH,AMS
BRU,CTA
CTA,BRU
AGP,FRA
BHX,FRA
BHX,MUC
BIO,FRA
BIO,MUC
BLQ,FRA
BLQ,MUC
BRU,HAM
BRU,MUC
BSL,FRA
BSL,HAM
BSL,MUC
BUD,DUS
BUD,MUC
CPH,MUC
DUS,BUD
DUS,GLA
DUS,NCL
DUS,OSL
DUS,VLC
EDI,FRA
FAO,FRA
FRA,AGP
FRA,BHX
FRA,BIO
FRA,BLQ
FRA,BSL
FRA,EDI
FRA,FAO
FRA,HAM
FRA,MAN
FRA,NCE
FRA,OPO
FRA,STR
FRA,VCE
GLA,DUS
GVA,MUC
HAM,BRU
HAM,BSL
HAM,FRA
HAM,LIS
HAM,WAW
LIS,HAM
LIS,MUC
LYS,MUC
MAN,FRA
MAN,MUC
MRS,MUC
MUC,BHX
MUC,BIO
MUC,BLQ
MUC,BRU
MUC,BSL
MUC,BUD
MUC,CPH
MUC,GVA
MUC,LIS
MUC,LYS
MUC,MAN
MUC,MRS
MUC,MXP
MUC,NCE
MUC,PRG
MUC,PSA
MUC,STR
MUC,TLS
MUC,VLC
MUC,WAW
MUC,ZRH
MXP,MUC
NCE,FRA
NCE,MUC
NCL,DUS
OPO,FRA
OSL,DUS
PRG,MUC
PSA,MUC
STR,FRA
STR,MUC
STR,ZRH
TLS,MUC
VCE,FRA
VLC,DUS
VLC,MUC
WAW,HAM
WAW,MUC
ZRH,MUC
ZRH,STR
ARN,WAW
BRU,WAW
BUD,WAW
GVA,WAW
LIS,WAW
MAD,WAW
MXP,WAW
NCE,WAW
PRG,WAW
VIE,WAW
VNO,WAW
WAW,ARN
WAW,BRU
WAW,BUD
WAW,GVA
WAW,LIS
WAW,MAD
WAW,MXP
WAW,NCE
WAW,PRG
WAW,VIE
WAW,VNO
WAW,ZRH
ZRH,WAW
ACE,NCL
AGP,GLA
AGP,NCL
ALC,GLA
ALC,NCL
BCN,GLA
BCN,LBA
BUD,EDI
BUD,EMA
BUD,LBA
CDG,EMA
CDG,LBA
DUS,LBA
EDI,BUD
EDI,PRG
EDI,VCE
EMA,BUD
EMA,CDG
EMA,HER
EMA,PRG
FAO,GLA
FAO,NCL
FCO,GLA
FCO,LBA
FCO,MAN
FCO,NCL
FUE,GLA
GLA,AGP
GLA,ALC
GLA,BCN
GLA,FAO
GLA,FCO
GLA,FUE
GLA,HER
GLA,IBZ
GLA,LPA
GLA,PMI
GLA,RHO
GLA,TFS
HER,EMA
HER,GLA
HER,LBA
HER,MAN
HER,NCL
IBZ,GLA
IBZ,NCL
LBA,BCN
LBA,BUD
LBA,CDG
LBA,DUS
LBA,FCO
LBA,HER
LBA,LPA
LBA,NCE
LBA,PRG
LBA,RHO
LBA,VCE
LPA,GLA
LPA,LBA
LPA,NCL
MAN,FCO
MAN,HER
MAN,NCE
MAN,PRG
MAN,PSA
MAN,RHO
MAN,TLS
MAN,VCE
MAN,VIE
NCE,LBA
NCE,MAN
NCL,ACE
NCL,AGP
NCL,ALC
NCL,FAO
NCL,FCO
NCL,HER
NCL,IBZ
NCL,LPA
NCL,PMI
NCL,PRG
NCL,PSA
NCL,RHO
NCL,TFS
NCL,VCE
PMI,GLA
PMI,NCL
PRG,EDI
PRG,EMA
PRG,LBA
PRG,MAN
PRG,NCL
PSA,MAN
PSA,NCL
RHO,GLA
RHO,LBA
RHO,MAN
RHO,NCL
TFS,GLA
TFS,NCL
TLS,MAN
VCE,EDI
VCE,LBA
VCE,MAN
VCE,NCL
VIE,MAN
CDG,VNO
MUC,VNO
PRG,VNO
TXL,VNO
VNO,CDG
VNO,MUC
VNO,PRG
VNO,TXL
AGP,GVA
AGP,ZRH
ARN,ZRH
ATH,ZRH
BCN,BSL
BCN,GVA
BHX,ZRH
BRU,BSL
BRU,ZRH
BSL,BCN
BSL,BRU
BSL,FCO
BSL,PRG
BSL,VIE
BUD,ZRH
CPH,ZRH
CTA,GVA
FCO,BSL
GVA,AGP
GVA,BCN
GVA,CTA
GVA,HER
GVA,NCE
GVA,PMI
GVA,PRG
GVA,VIE
HER,GVA
LYS,ZRH
MAN,ZRH
MXP,ZRH
NCE,GVA
NCE,ZRH
OPO,GVA
OSL,ZRH
PMI,GVA
PRG,BSL
PRG,GVA
PRG,ZRH
VCE,ZRH
VIE,BSL
VIE,GVA
VLC,ZRH
ZRH,AGP
ZRH,ARN
ZRH,ATH
ZRH,BHX
ZRH,BRU
ZRH,BUD
ZRH,CPH
ZRH,LYS
ZRH,MAN
ZRH,MXP
ZRH,NCE
ZRH,OPO
ZRH,OSL
ZRH,PRG
ZRH,VCE
ZRH,VLC
ACE,LPA
FUE,LPA
LIS,LPA
LPA,FUE
LPA,LIS
LPA,TFS
AGP,PRG
BRU,PRG
BUD,PRG
HER,PRG
MXP,PRG
NCE,PRG
PMI,PRG
PRG,AGP
PRG,BRU
PRG,BUD
PRG,HER
PRG,MXP
PRG,NCE
PRG,PMI
PRG,RHO
PRG,TXL
PRG,VLC
RHO,PRG
TXL,PRG
VLC,PRG
BLQ,VIE
BRU,VIE
BUD,VIE
LIS,VIE
NAP,VIE
PRG,VIE
VCE,VIE
VIE,BLQ
VIE,BRU
VIE,BUD
VIE,LIS
VIE,NAP
VIE,PRG
VIE,VCE
VIE,VNO
VNO,VIE
CDG,MXP
MXP,CDG
LPA,PRG
PRG,LPA
PRG,TFS
TFS,PRG
AGP,LIS
ARN,LIS
BIO,LIS
LGW,LIS
LIS,ARN
LIS,BIO
LIS,LGW
LIS,SVQ
LIS,VLC
MUC,OPO
OPO,MUC
SVQ,LIS
VLC,LIS
CDG,LPA
LPA,CDG
ARN,BHX
ARN,BLQ
ARN,BRU
BHX,ARN
BHX,CPH
BLQ,ARN
BLQ,CPH
BRU,ARN
BRU,OSL
CPH,BHX
CPH,BLQ
CPH,HAM
CPH,LBA
CPH,MAN
CPH,MXP
CPH,NCL
CPH,STR
HAM,CPH
LBA,CPH
MAN,CPH
MXP,CPH
NCL,CPH
OSL,BRU
STR,CPH
BHX,BRU
BLQ,BRU
BRS,BRU
BRU,BHX
BRU,BLQ
BRU,BRS
BRU,BUD
BRU,EDI
BRU,FAO
BRU,MAN
BRU,MRS
BRU,NAP
BRU,NCE
BRU,SVQ
BRU,TLS
BUD,BRU
EDI,BRU
FAO,BRU
MAN,BRU
MRS,BRU
NAP,BRU
NCE,BRU
SVQ,BRU
TLS,BRU
BRS,TLS
TLS,BRS
BHX,NCL
NCL,BHX
GVA,MRS
MRS,GVA
MXP,TLS
TLS,MXP
NCL,FUE
AGP,LTN
ATH,ORY
BRS,FUE
BUD,ORY
CTA,MAN
CTA,ORY
FAO,LTN
FAO,ORY
FUE,BRS
HER,BHX
HER,LGW
HER,LYS
HER,NTE
HER,ORY
IBZ,LTN
LGW,HER
LGW,RHO
LIS,NTE
LTN,AGP
LTN,FAO
LTN,IBZ
LTN,PMI
LYS,HER
LYS,OPO
MAN,CTA
MAN,NAP
NAP,MAN
NAP,ORY
NTE,HER
NTE,LIS
NTE,OPO
NTE,TXL
NTE,VCE
OPO,LYS
OPO,NTE
ORY,ATH
ORY,BUD
ORY,CTA
ORY,FAO
ORY,HER
ORY,NAP
ORY,PRG
ORY,PSA
ORY,VCE
PMI,LTN
PRG,ORY
PSA,ORY
RHO,LGW
TXL,NTE
VCE,NTE
VCE,ORY
BUD,LIS
DUS,LIS
LGW,OPO
LIS,BUD
LIS,DUS
LIS,LYS
LIS,NCE
LIS,PRG
LIS,TLS
LYS,LIS
NCE,LIS
OPO,LGW
PRG,LIS
TLS,LIS
AGP,BSL
AGP,MXP
ALC,BSL
ALC,GVA
ALC,LTN
AMS,LTN
AMS,MXP
AMS,STN
ATH,EDI
ATH,HAM
ATH,LGW
BCN,BRS
BCN,LTN
BCN,NCL
BIO,GVA
BIO,MAN
BIO,STN
BLQ,LGW
BRS,BCN
BRS,CDG
BRS,CPH
BRS,EDI
BRS,FCO
BRS,GLA
BRS,GVA
BRS,HER
BRS,LIS
BRS,MAD
BRS,NCE
BRS,NCL
BRS,PRG
BRS,PSA
BRU,LGW
BSL,AGP
BSL,ALC
BSL,BUD
BSL,CPH
BSL,EDI
BSL,FAO
BSL,FUE
BSL,LGW
BSL,LIS
BSL,MAD
BSL,MAN
BSL,NAP
BSL,NCE
BSL,NTE
BSL,OPO
BSL,SKG
BSL,SVQ
BSL,TLS
BSL,VCE
BUD,BSL
BUD,GVA
BUD,LTN
CDG,BRS
CDG,GLA
CDG,LGW
CDG,LTN
CDG,OPO
CDG,TFS
CGN,LGW
CPH,BRS
CPH,BSL
CPH,STN
CTA,LTN
DUS,LGW
EDI,ATH
EDI,BRS
EDI,BSL
EDI,GVA
EDI,HAM
EDI,HER
EDI,LIS
EDI,LTN
EDI,LYS
EDI,MAD
EDI,MUC
EDI,MXP
EDI,NAP
EDI,NCE
EDI,STN
FAO,BSL
FAO,GVA
FCO,BRS
FUE,BSL
GLA,BRS
GLA,CDG
GLA,LTN
GLA,STN
GVA,ALC
GVA,BIO
GVA,BRS
GVA,BUD
GVA,EDI
GVA,FAO
GVA,IBZ
GVA,LGW
GVA,LTN
GVA,MAN
GVA,NAP
GVA,NTE
GVA,ORY
GVA,SVQ
GVA,TFS
GVA,VCE
HAM,ATH
HAM,EDI
HAM,LGW
HAM,LTN
HER,BRS
HER,EDI
HER,LTN
HER,MXP
IBZ,GVA
IBZ,MXP
LGW,ATH
LGW,BLQ
LGW,BRU
LGW,BSL
LGW,CDG
LGW,CGN
LGW,DUS
LGW,GVA
LGW,HAM
LGW,LYS
LGW,MAD
LGW,MRS
LGW,MUC
LGW,MXP
LGW,NCL
LGW,NTE
LGW,PRG
LGW,TLS
LGW,VIE
LGW,VLC
LGW,ZRH
LIS,BRS
LIS,BSL
LIS,EDI
LIS,LTN
LTN,ALC
LTN,AMS
LTN,BCN
LTN,BUD
LTN,CDG
LTN,CTA
LTN,EDI
LTN,GLA
LTN,GVA
LTN,HAM
LTN,HER
LTN,LIS
LTN,MAD
LTN,MXP
LTN,NCE
LTN,PSA
LTN,VCE
LTN,ZRH
LYS,EDI
LYS,LGW
LYS,STN
MAD,BRS
MAD,BSL
MAD,EDI
MAD,LGW
MAD,LTN
MAN,BIO
MAN,BSL
MAN,GVA
MAN,SKG
MRS,LGW
MUC,EDI
MUC,LGW
MUC,STN
MXP,AGP
MXP,AMS
MXP,EDI
MXP,HER
MXP,IBZ
MXP,LGW
MXP,LTN
MXP,NAP
MXP,PMI
NAP,BSL
NAP,EDI
NAP,GVA
NAP,MXP
NAP,NCE
NAP,STN
NCE,BRS
NCE,BSL
NCE,EDI
NCE,LTN
NCE,NAP
NCE,NCL
NCE,STN
NCL,BCN
NCL,BRS
NCL,LGW
NCL,NCE
NTE,BSL
NTE,GVA
NTE,LGW
OPO,BSL
OPO,CDG
ORY,GVA
PMI,MXP
PRG,BRS
PRG,LGW
PSA,BRS
PSA,LTN
SKG,BSL
SKG,MAN
STN,AMS
STN,BIO
STN,CPH
STN,EDI
STN,GLA
STN,LYS
STN,MUC
STN,NAP
STN,NCE
SVQ,BSL
SVQ,GVA
TFS,CDG
TLS,BSL
TLS,LGW
VCE,BSL
VCE,GVA
VCE,LTN
VIE,LGW
VLC,LGW
ZRH,LGW
ZRH,LTN
ALC,TFS
TFS,ALC
BIO,VCE
FUE,NTE
MUC,NTE
NAP,NTE
NTE,FUE
NTE,MUC
NTE,NAP
NTE,PMI
NTE,PRG
NTE,TFS
NTE,VLC
PMI,NTE
PRG,NTE
TFS,NTE
VCE,BIO
VLC,NTE
HER,RIX
HER,VNO
RIX,HER
VNO,HER
AGP,BUD
BGY,PRG
BGY,WAW
BUD,AGP
BUD,CTA
BUD,MXP
BUD,NAP
BUD,SKG
CRL,WAW
CTA,BUD
FCO,VNO
GLA,WAW
LTN,PRG
LTN,RIX
LTN,VNO
LTN,WAW
MXP,BUD
NAP,BUD
NAP,PRG
PRG,BGY
PRG,LTN
PRG,NAP
RIX,LTN
SKG,BUD
VNO,FCO
VNO,LTN
WAW,BGY
WAW,CRL
WAW,GLA
WAW,LTN
BSL,RHO
RHO,BSL
BHX,FCO
BHX,HER
BHX,NCE
BHX,VCE
FCO,BHX
FCO,LTN
LTN,FCO
LTN,NAP
NAP,LTN
NCE,BHX
VCE,BHX
CDG,FAO
FAO,CDG
